{
	"packageName": "myproject",
	"fogDensity": 0.04,
	"scene": "Scene",
	"shadowMapSize": 1024,
	"clear": [
		0.295695960521698,
		0.295695960521698,
		0.295695960521698,
		1
	],
	"fogColor": [
		0.5,
		0.5,
		0.7,
		1
	],
	"orient": 0,
	"gravity": [
		0,
		0,
		-9.8100004196167
	],
	"fog": 0,
	"shadowMapping": 0,
	"ssao": 0,
	"physics": 0,
	"scenes": [
		"Scene"
	]
}